<?xml version="1.0" encoding="UTF-8"?>

<beans:beans xmlns:beans="http://www.springframework.org/schema/beans"
             xmlns:xsi="http://www.w3.org/2001/XMLSchema-instance"
             xmlns:context="http://www.springframework.org/schema/context"
             xmlns="http://www.springframework.org/schema/security"

             xsi:schemaLocation="http://www.springframework.org/schema/beans http://www.springframework.org/schema/beans/spring-beans.xsd
                                 http://www.springframework.org/schema/context http://www.springframework.org/schema/context/spring-context.xsd
                                 http://www.springframework.org/schema/security http://www.springframework.org/schema/security/spring-security.xsd">

    <http auto-config="true">
        <intercept-url pattern="/index.jsp" access="permitAll" />
        <intercept-url pattern="/resources/**" access="permitAll" />
        <intercept-url pattern="/login.html" access="permitAll" />
        <intercept-url pattern="/logout.html" access="permitAll" />
        <intercept-url pattern="/access_denided.html" access="permitAll" />
        <intercept-url pattern="/**" access="isAuthenticated()" />

        <form-login login-page="/login.html" 
                    authentication-failure-url="/access_denided.html"
                    username-parameter="userName" 
                    password-parameter="password" />

        <logout logout-url="/logout.html" />

        <csrf disabled="true" />
    </http>

    <authentication-manager>
        <authentication-provider ref="customAuthenticationProvider"/>      
    </authentication-manager>

    <beans:bean id="customAuthenticationProvider" class="com.skillsimprover.spring.security.service.impl.security.CustomAuthenticationProvider"/> 

</beans:beans>
