<?xml version="1.0" encoding="UTF-8"?>
<beans xmlns="http://www.springframework.org/schema/beans"
    xmlns:mvc="http://www.springframework.org/schema/mvc"
	xmlns:xsi="http://www.w3.org/2001/XMLSchema-instance"
	xmlns:context="http://www.springframework.org/schema/context"
	xsi:schemaLocation="http://www.springframework.org/schema/mvc http://www.springframework.org/schema/mvc/spring-mvc.xsd
		http://www.springframework.org/schema/beans http://www.springframework.org/schema/beans/spring-beans.xsd
		http://www.springframework.org/schema/context http://www.springframework.org/schema/context/spring-context.xsd">

	<import resource="dao-config.xml" />

	<mvc:annotation-driven />

	<mvc:resources mapping="/resources/**" location="/resources/" />

    <context:component-scan base-package="com.skillsimprover.jpa.controllers" />
    <context:component-scan base-package="com.skillsimprover.jpa.service.impl" />
    <context:component-scan base-package="com.skillsimprover.jpa.service.impl.dozer" />
    <context:component-scan base-package="com.skillsimprover.jpa.dao.jpa" />

	<!-- Bean Configuration for Dozer Framework -->
	<bean class="org.dozer.spring.DozerBeanMapperFactoryBean">
		<property name="mappingFiles" value="classpath:/dozer/mappings/*_mapping.xml" />

		<property name="customConverters">
			<list>
				<bean class="com.skillsimprover.jpa.service.impl.dozer.EventCountConverter" />
				<bean class="com.skillsimprover.jpa.service.impl.dozer.EventCreatorConverter" />
				<bean class="com.skillsimprover.jpa.service.impl.dozer.GoingToVisitConverter" />
			</list>
		</property>
	</bean>

    <bean class="org.springframework.web.servlet.view.InternalResourceViewResolver">
        <property name="prefix" value="/WEB-INF/pages/" />
        <property name="suffix" value=".jsp" />
    </bean>

    <bean id="messageSource" class="org.springframework.context.support.ReloadableResourceBundleMessageSource">
        <property name="basenames">
            <list>
                <value>classpath:i18n/msgs</value>
            </list>
        </property>
        <property name="defaultEncoding" value="UTF-8" />
    </bean>

    <!-- Definition for storing of the selected Locale -->
    <bean id="localeResolver" class="org.springframework.web.servlet.i18n.CookieLocaleResolver">
        <property name="defaultLocale" value="en_US" />
        <property name="cookieName" value="myAppLocaleCookie" />
        <property name="cookieMaxAge" value="3600" />
    </bean>

    <mvc:interceptors>
        <bean class="org.springframework.web.servlet.i18n.LocaleChangeInterceptor">
            <property name="paramName" value="language" />
        </bean>
    </mvc:interceptors>
</beans>
