<?xml version="1.0" encoding="UTF-8" ?>

<!DOCTYPE tiles-definitions PUBLIC 
    "-//Apache Software Foundation//DTD Tiles Configuration 3.0//EN" 
    "http://tiles.apache.org/dtds/tiles-config_3_0.dtd">        

<tiles-definitions>

    <definition name="noMenuPage" template="/WEB-INF/pages/common/noMenuPage.jsp">
        <put-attribute name="include" value="/WEB-INF/pages/common/blocks/include.jsp" />
        <put-attribute name="header" value="/WEB-INF/pages/common/blocks/header.jsp" />
        <put-attribute name="body" value="/WEB-INF/pages/common/blocks/defaultBody.jsp" />
        <put-attribute name="footer" value="/WEB-INF/pages/common/blocks/footer.jsp" />

        <put-attribute name="appTitle" value="application.title" />
        <put-attribute name="pageTitle" value="default.page.title" />
    </definition>

    <definition name="menuPage" template="/WEB-INF/pages/common/menuPage.jsp">
    </definition>

</tiles-definitions>
