<?xml version="1.0" encoding="UTF-8"?>
<beans xmlns="http://www.springframework.org/schema/beans"
	xmlns:xsi="http://www.w3.org/2001/XMLSchema-instance"
	xmlns:c="http://www.springframework.org/schema/c"
	xmlns:context="http://www.springframework.org/schema/context"

	xsi:schemaLocation="http://www.springframework.org/schema/beans http://www.springframework.org/schema/beans/spring-beans.xsd
	                    http://www.springframework.org/schema/context http://www.springframework.org/schema/context/spring-context.xsd">

    <context:annotation-config />

    <context:component-scan base-package="com.skillsimprover.springapp.annotations.messangers.impl" />
    <context:component-scan base-package="com.skillsimprover.springapp.annotations.formatters.impl" />

    <bean id="message" class="java.lang.String">
        <constructor-arg name="original" value="This is a message from External Config!" />
    </bean>

    <bean id="dateFormat" class="java.text.SimpleDateFormat">
        <constructor-arg name="pattern" value="yyyy-MM-dd HH:mm:ss" />
    </bean>
</beans>
