<?xml version="1.0" encoding="UTF-8"?>

<beans:beans xmlns:beans="http://www.springframework.org/schema/beans"
             xmlns:xsi="http://www.w3.org/2001/XMLSchema-instance"
             xmlns:context="http://www.springframework.org/schema/context"
             xmlns="http://www.springframework.org/schema/security"

             xsi:schemaLocation="http://www.springframework.org/schema/beans http://www.springframework.org/schema/beans/spring-beans.xsd
                                 http://www.springframework.org/schema/context http://www.springframework.org/schema/context/spring-context.xsd
                                 http://www.springframework.org/schema/security http://www.springframework.org/schema/security/spring-security.xsd">

    <http auto-config="true">
        <intercept-url pattern="/index.jsp" access="permitAll" />
        <intercept-url pattern="/resources/**" access="permitAll" />
        <intercept-url pattern="/login.html" access="permitAll" />
        <intercept-url pattern="/logout.html" access="permitAll" />
        <intercept-url pattern="/access_denided.html" access="permitAll" />
        <intercept-url pattern="/**" access="isAuthenticated()" />

        <form-login login-page="/login.html" 
                    authentication-failure-url="/access_denided.html"
                    username-parameter="userName" 
                    password-parameter="password" />

        <logout logout-url="/logout.html" />

        <csrf disabled="true" />
    </http>

    <authentication-manager>
        <authentication-provider>
            <jdbc-user-service data-source-ref="dataSource" 
                               users-by-username-query="SELECT user_name AS username, password, enabled FROM users WHERE user_name = ?" 
                               authorities-by-username-query="SELECT u.user_name AS username, r.role_name AS role
                                                              FROM  users u, roles r, users_to_roles ur
                                                              WHERE u.id = ur.fk_user_id AND 
                                                                    r.id = ur.fk_role_id AND 
                                                                    u.user_name = ?" />
        </authentication-provider>
    </authentication-manager>  

</beans:beans>
