<?xml version="1.0" encoding="utf-8" ?>

<!DOCTYPE hibernate-mapping PUBLIC
        "-//Hibernate/Hibernate Mapping DTD 3.0//EN"
        "http://www.hibernate.org/dtd/hibernate-mapping-3.0.dtd">

<hibernate-mapping package="com.skillsimprover.hibernate.xml.entities">

    <class name="Event" table="events">
        <id name="id" column="id">
            <generator class="native"/>
        </id>

        <property name="name" column="event_name" />
        <property name="description" column="event_desc" />
        <property name="date" column="event_date"/>
    </class>

	<query name="load_all_events">
		from Event
	</query>

</hibernate-mapping>