<?xml version="1.0" encoding="utf-8" ?>

<!DOCTYPE hibernate-mapping PUBLIC
        "-//Hibernate/Hibernate Mapping DTD 3.0//EN"
        "http://www.hibernate.org/dtd/hibernate-mapping-3.0.dtd">

<hibernate-mapping package="com.skillsimprover.hibernate.xml.entities">

    <class name="User" table="users">
        <id name="id" column="id">
            <generator class="increment"/>
        </id>

        <property name="userName" column="user_name" />
        <property name="password" column="password"/>
    </class>

	<query name="load_all_users">
		from User
	</query>

</hibernate-mapping>
