<?xml version="1.0" encoding="UTF-8"?>
<mappings xmlns="http://dozer.sourceforge.net"
      xmlns:xsi="http://www.w3.org/2001/XMLSchema-instance"
      xsi:schemaLocation="http://dozer.sourceforge.net http://dozer.sourceforge.net/schema/beanmapping.xsd">

	<mapping>
		<class-a>com.skillsimprover.jpa.entities.User</class-a>
		<class-b>com.skillsimprover.jpa.beans.UserBean</class-b>

		<field custom-converter="com.skillsimprover.jpa.service.impl.dozer.GoingToVisitConverter">
			<a>goingToVisit</a>
			<b>goingToVisit</b>
		</field>

		<field custom-converter="com.skillsimprover.jpa.service.impl.dozer.EventCountConverter">
			<a>createdEvents</a>
			<b>eventCount</b>
		</field>
	</mapping>

</mappings>
