<?xml version="1.0" encoding="UTF-8"?>

<beans:beans xmlns:beans="http://www.springframework.org/schema/beans"
             xmlns:xsi="http://www.w3.org/2001/XMLSchema-instance"
             xmlns:context="http://www.springframework.org/schema/context"
             xmlns="http://www.springframework.org/schema/security"

             xsi:schemaLocation="http://www.springframework.org/schema/beans http://www.springframework.org/schema/beans/spring-beans.xsd
                                 http://www.springframework.org/schema/context http://www.springframework.org/schema/context/spring-context.xsd
                                 http://www.springframework.org/schema/security http://www.springframework.org/schema/security/spring-security.xsd">

    <http auto-config="true">
        <intercept-url pattern="/**" access="isAuthenticated()" />
    </http>

    <authentication-manager>
        <authentication-provider>
            <user-service>
                <user name="ivan"  password="123"  authorities="ROLE_ADMIN" />
                <user name="petr" password="123" authorities="ROLE_USER" />
                <user name="sidor"   password="123" authorities="ROLE_ADMIN,ROLE_USER" />            
            </user-service>
        </authentication-provider>
    </authentication-manager>  

</beans:beans>
