<?xml version="1.0" encoding="UTF-8"?>

<beans:beans xmlns:beans="http://www.springframework.org/schema/beans"
             xmlns:xsi="http://www.w3.org/2001/XMLSchema-instance"
             xmlns:context="http://www.springframework.org/schema/context"
             xmlns="http://www.springframework.org/schema/security"

             xsi:schemaLocation="http://www.springframework.org/schema/beans http://www.springframework.org/schema/beans/spring-beans.xsd
                                 http://www.springframework.org/schema/context http://www.springframework.org/schema/context/spring-context.xsd
                                 http://www.springframework.org/schema/security http://www.springframework.org/schema/security/spring-security.xsd">

    <context:property-placeholder location="classpath:facebook.properties" />

    <http auto-config="true">
        <intercept-url pattern="/index.jsp" access="permitAll" />
        <intercept-url pattern="/resources/**" access="permitAll" />
        <intercept-url pattern="/login.html" access="permitAll" />
        <intercept-url pattern="/logout.html" access="permitAll" />
        <intercept-url pattern="/access_denided.html" access="permitAll" />

        <intercept-url pattern="/login*" access="permitAll" />
        <intercept-url pattern="/signin/**" access="permitAll" />
        <intercept-url pattern="/signup/**" access="permitAll" />

        <intercept-url pattern="/**" access="isAuthenticated()" />

        <form-login login-page="/login.html" 
                    authentication-failure-url="/access_denided.html"
                    username-parameter="userName" 
                    password-parameter="password" />

        <logout logout-url="/logout.html" />

        <csrf disabled="true" />
    </http>

    <authentication-manager>
        <authentication-provider ref="customAuthenticationProvider"/>      
    </authentication-manager>

    <beans:bean id="customAuthenticationProvider" class="com.skillsimprover.spring.security.service.impl.security.CustomAuthenticationProvider" />

    <beans:bean id="facebookSignInAdapter" class="com.skillsimprover.spring.security.service.impl.security.social.FacebookSignInAdapter" />
    <beans:bean id="facebookConnectionSignup" class="com.skillsimprover.spring.security.service.impl.security.social.FacebookConnectionSignup" />
    <beans:bean id="connectionFactoryLocator" class="org.springframework.social.connect.support.ConnectionFactoryRegistry" />

    <beans:bean id="usersConnectionRepository" class="org.springframework.social.connect.mem.InMemoryUsersConnectionRepository">
        <beans:constructor-arg name="connectionFactoryLocator" ref="facebookConnectionSignup" />
        <beans:property name="connectionSignUp" ref="facebookConnectionSignup" />
    </beans:bean>

    <beans:bean class="org.springframework.social.connect.web.ProviderSignInController">
        <beans:constructor-arg name="connectionFactoryLocator" ref="connectionFactoryLocator" />
        <beans:constructor-arg name="usersConnectionRepository" ref="usersConnectionRepository" />
        <beans:constructor-arg name="signInAdapter" ref="usersConnectionRepository" />
    </beans:bean>

</beans:beans>
