<?xml version="1.0" encoding="UTF-8"?>

<beans:beans xmlns:beans="http://www.springframework.org/schema/beans"
             xmlns:xsi="http://www.w3.org/2001/XMLSchema-instance"
             xmlns:context="http://www.springframework.org/schema/context"
             xmlns="http://www.springframework.org/schema/security"

             xsi:schemaLocation="http://www.springframework.org/schema/beans http://www.springframework.org/schema/beans/spring-beans.xsd
                                 http://www.springframework.org/schema/context http://www.springframework.org/schema/context/spring-context.xsd
                                 http://www.springframework.org/schema/security http://www.springframework.org/schema/security/spring-security.xsd">

    <context:annotation-config />

	<beans:bean class="org.springframework.security.crypto.bcrypt.BCryptPasswordEncoder"/>

	<global-method-security pre-post-annotations="enabled"></global-method-security>

	<http pattern="/api/login" security="none" />

	<http pattern="/api/**" entry-point-ref="tokenAuthenticationEntryPoint" create-session="stateless">
		<csrf disabled="true"/>
		<custom-filter before="FORM_LOGIN_FILTER" ref="tokenAuthenticationFilter"/>
    </http>

    <http auto-config="true" authentication-manager-ref="mvcAuthenticationManager">
        <intercept-url pattern="/index" access="permitAll" />
        <intercept-url pattern="/resources/**" access="permitAll" />
        <intercept-url pattern="/login" access="permitAll" />
        <intercept-url pattern="/logout" access="permitAll" />
        <intercept-url pattern="/access_denided" access="permitAll" />

        <intercept-url pattern="/**" access="isAuthenticated()" />

        <form-login login-page="/login" 
                    authentication-failure-url="/access_denided"
                    username-parameter="userName" 
                    password-parameter="password" />

        <logout logout-url="/logout" />

        <csrf disabled="true" />
    </http>

    <authentication-manager id="mvcAuthenticationManager">
        <authentication-provider ref="userPasswordAuthProvider"/>      
    </authentication-manager>

    <authentication-manager id="tokenAuthenticationManager">
        <authentication-provider ref="tokenAuthenticationProvider" />
    </authentication-manager>

	<beans:bean id="tokenAuthenticationProvider" class="com.skillsimprover.spring.security.security.providers.TokenAuthenticationProvider"/>
    <beans:bean id="userPasswordAuthProvider" class="com.skillsimprover.spring.security.security.providers.UserPasswordAuthenticationProvider"/>

	<beans:bean id="tokenAuthenticationFilter" class="com.skillsimprover.spring.security.security.filters.TokenAuthenticationFilter">
        <beans:property name="authenticationManager" ref="tokenAuthenticationManager" />
        <beans:property name="authenticationSuccessHandler" ref="tokenAuthenticationSuccessHandler" />
        <beans:property name="authenticationFailureHandler" ref="tokenAuthenticationFailureHandler" />
    </beans:bean>

	<beans:bean id="tokenAuthenticationEntryPoint" class="com.skillsimprover.spring.security.security.filters.TokenAuthenticationEntryPoint" />

	<beans:bean id="tokenAuthenticationSuccessHandler" class="com.skillsimprover.spring.security.security.authhandlers.RestAuthenticationSuccessHandler" />
	<beans:bean id="tokenAuthenticationFailureHandler" class="com.skillsimprover.spring.security.security.authhandlers.RestAuthenticationFailureHandler" />
</beans:beans>
