<?xml version="1.0" encoding="UTF-8"?>
<beans xmlns="http://www.springframework.org/schema/beans"
    xmlns:mvc="http://www.springframework.org/schema/mvc"
	xmlns:xsi="http://www.w3.org/2001/XMLSchema-instance"
	xmlns:context="http://www.springframework.org/schema/context"
	xsi:schemaLocation="http://www.springframework.org/schema/mvc http://www.springframework.org/schema/mvc/spring-mvc.xsd
		http://www.springframework.org/schema/beans http://www.springframework.org/schema/beans/spring-beans.xsd
		http://www.springframework.org/schema/context http://www.springframework.org/schema/context/spring-context.xsd">

	<!-- All previous MVC staff -->
	<mvc:annotation-driven />

    <context:component-scan base-package="com.skillsimprover.spring.resources.controllers" />

	<mvc:resources mapping="/resources/**" location="/resources/" />

    <bean class="org.springframework.web.servlet.view.InternalResourceViewResolver">
        <property name="prefix" value="/WEB-INF/pages/" />
        <property name="suffix" value=".jsp" />
    </bean>
    <!-- /All previous MVC staff -->

    <!-- ********************************************************* -->
    <!-- All below configuration is necessary for the I18N support -->
    <!-- ********************************************************* -->

    <!-- Definition for I18N resources -->
    <bean id="messageSource" class="org.springframework.context.support.ReloadableResourceBundleMessageSource">
        <property name="basenames">
            <list>
                <value>classpath:com/skillsimprover/spring/resources/i18n/msgs</value>
            </list>
        </property>
        <property name="defaultEncoding" value="UTF-8"/>
    </bean>

    <!-- Definition for storing of the selected Locale -->
    <bean id="localeResolver" class="org.springframework.web.servlet.i18n.CookieLocaleResolver">
        <property name="defaultLocale" value="en_US" />
        <property name="cookieName" value="myAppLocaleCookie" />
        <property name="cookieMaxAge" value="3600" />
    </bean>

    <mvc:interceptors>
        <bean class="org.springframework.web.servlet.i18n.LocaleChangeInterceptor">
            <property name="paramName" value="language" />
        </bean>
    </mvc:interceptors>
</beans>
