<?xml version="1.0" encoding="UTF-8"?>
<mappings xmlns="http://dozer.sourceforge.net"
      xmlns:xsi="http://www.w3.org/2001/XMLSchema-instance"
      xsi:schemaLocation="http://dozer.sourceforge.net http://dozer.sourceforge.net/schema/beanmapping.xsd">

	<mapping>
		<class-a>com.skillsimprover.usersapp.entities.Event</class-a>
		<class-b>com.skillsimprover.usersapp.beans.EventBean</class-b>
		<field custom-converter="com.skillsimprover.usersapp.service.impl.dozer.EventCreatorConverter">
			<a>creator</a>
			<b>createdBy</b>
		</field>

		<!-- <field>
			<a>address</a>
			<b>address</b>
		</field> -->
	</mapping>

</mappings>
