<?xml version="1.0" encoding="UTF-8"?>
<beans xmlns="http://www.springframework.org/schema/beans"
    xmlns:xsi="http://www.w3.org/2001/XMLSchema-instance"
    xmlns:c="http://www.springframework.org/schema/c"
    xmlns:context="http://www.springframework.org/schema/context"

    xsi:schemaLocation="http://www.springframework.org/schema/beans http://www.springframework.org/schema/beans/spring-beans.xsd
                        http://www.springframework.org/schema/context http://www.springframework.org/schema/context/spring-context.xsd">

    <bean id="defaultFormatter" class="com.skillsimprover.multiple.context.xml.formatters.impl.DollarFormatter">
        <property name="messanger" ref="dateMessanger" />
    </bean>

    <bean id="dashFormatter" class="com.skillsimprover.multiple.context.xml.formatters.impl.DashFormatter">
        <property name="messanger" ref="defaultMessanger" />
    </bean>

    <bean id="dollarFormatter" class="com.skillsimprover.multiple.context.xml.formatters.impl.DollarFormatter">
        <property name="messanger" ref="defaultMessanger" />
    </bean>

    <bean id="starFormatter" class="com.skillsimprover.multiple.context.xml.formatters.impl.StarFormatter">
        <property name="messanger" ref="defaultMessanger" />
    </bean>
</beans>