<?xml version="1.0" encoding="UTF-8"?>
<beans xmlns="http://www.springframework.org/schema/beans"
    xmlns:xsi="http://www.w3.org/2001/XMLSchema-instance"
    xmlns:c="http://www.springframework.org/schema/c"
    xmlns:context="http://www.springframework.org/schema/context"

    xsi:schemaLocation="http://www.springframework.org/schema/beans http://www.springframework.org/schema/beans/spring-beans.xsd
                        http://www.springframework.org/schema/context http://www.springframework.org/schema/context/spring-context.xsd">

    <bean id="defaultMessanger" class="com.skillsimprover.multiple.context.xml.messangers.impl.GreetingMessanger">
        <constructor-arg name="message" value="Our application says HELLO!" />
    </bean>

    <bean id="russianMessanger" class="com.skillsimprover.multiple.context.xml.messangers.impl.GreetingMessanger">
        <constructor-arg name="message" value="Наше приложение говорит ПРИВЕТ!" />
    </bean>

    <bean id="germanMessanger" class="com.skillsimprover.multiple.context.xml.messangers.impl.GreetingMessanger">
        <constructor-arg name="message" value="Unsere Anwendung sagt HALLO!" />
    </bean>

    <bean id="franceMessanger" class="com.skillsimprover.multiple.context.xml.messangers.impl.GreetingMessanger">
        <constructor-arg name="message" value="Notre application dit BONJOUR!" />
    </bean>

    <bean id="italianMessanger" class="com.skillsimprover.multiple.context.xml.messangers.impl.GreetingMessanger">
        <constructor-arg name="message" value="La nostra applicazione dice CIAO!" />
    </bean>

    <bean id="dateMessanger" class="com.skillsimprover.multiple.context.xml.messangers.impl.GreetingDateMessanger">
        <constructor-arg name="message" value="Our application says HELLO!" />
        <constructor-arg name="dateFormatter" ref="dateFormat" />
    </bean>

    <bean id="dateFormat" class="java.text.SimpleDateFormat">
        <constructor-arg name="pattern" value="yyyy-MM-dd HH:mm:ss" />
    </bean>
</beans>