<?xml version="1.0" encoding="utf-8" ?>

<!DOCTYPE hibernate-configuration PUBLIC
        "-//Hibernate/Hibernate Configuration DTD 3.0//EN"
        "http://www.hibernate.org/dtd/hibernate-configuration-3.0.dtd">

<hibernate-configuration>

    <session-factory>

        <!-- Database connection settings -->
        <property name="connection.driver_class">com.mysql.jdbc.Driver</property>
        <property name="connection.url">jdbc:mysql://localhost:3306/events_db</property>
        <property name="connection.username">root</property>
        <property name="connection.password">root</property>

        <!-- JDBC connection pool (use the built-in) -->
        <property name="connection.pool_size">5</property>

        <!-- SQL dialect -->
        <property name="dialect">org.hibernate.dialect.MySQLDialect</property>

        <!-- Enable Hibernate's automatic session context management -->
        <property name="current_session_context_class">thread</property>

        <!-- Echo all executed SQL to stdout -->
        <property name="show_sql">true</property>

		<!-- Define mapping files for all entities -->
        <mapping class="com.skillsimprover.hibernate.xml.entities.User" />
        <mapping class="com.skillsimprover.hibernate.xml.entities.Event" />

    </session-factory>

</hibernate-configuration>
